ATM_ID,Bank_Name,Branch_Name,City,Area,ATM_Type,Latitude,Longitude,Installation_Date
ATM1001,HDFC Bank,Velachery Branch,Chennai,Velachery,Onsite,13.06222,80.23777,2023-01-04 00:00:00
ATM1002,HDFC Bank,T Nagar Branch,Chennai,T Nagar,Onsite,13.05421,80.26976,2023-06-01 00:00:00
ATM1003,HDFC Bank,Anna Nagar Branch,Chennai,Anna Nagar,Offsite,13.10074,80.27763,2023-08-03 00:00:00
ATM1004,HDFC Bank,Adyar Branch,Chennai,Adyar,Offsite,13.04741,80.2187,2024-09-06 00:00:00
ATM1005,HDFC Bank,Guindy Branch,Chennai,Guindy,Onsite,13.0669,80.24777,2022-12-03 00:00:00
ATM1006,HDFC Bank,Tambaram Branch,Chennai,Tambaram,Onsite,13.0642,80.26688,2021-07-05 00:00:00
ATM1007,HDFC Bank,Porur Branch,Chennai,Porur,Onsite,13.05132,80.2967,2023-09-24 00:00:00
ATM1008,HDFC Bank,OMR Branch,Chennai,OMR,Offsite,12.98991,80.2838,2024-05-07 00:00:00
ATM1009,HDFC Bank,Perambur Branch,Chennai,Perambur,Onsite,13.07428,80.23729,2023-12-10 00:00:00
ATM1010,HDFC Bank,Chromepet Branch,Chennai,Chromepet,Onsite,13.07142,80.20275,2021-10-22 00:00:00
ATM1011,HDFC Bank,Whitefield Branch,Bengaluru,Whitefield,Onsite,12.95747,77.63752,2021-08-14 00:00:00
ATM1012,HDFC Bank,Koramangala Branch,Bengaluru,Koramangala,Offsite,12.96303,77.56169,2021-09-26 00:00:00
ATM1013,HDFC Bank,Indiranagar Branch,Bengaluru,Indiranagar,Offsite,12.96965,77.59478,2021-05-03 00:00:00
ATM1014,HDFC Bank,HSR Layout Branch,Bengaluru,HSR Layout,Onsite,12.92358,77.57135,2022-09-21 00:00:00
ATM1015,HDFC Bank,Yelahanka Branch,Bengaluru,Yelahanka,Onsite,12.92532,77.61316,2023-10-06 00:00:00
ATM1016,HDFC Bank,Andheri Branch,Mumbai,Andheri,Onsite,19.13634,72.87651,2023-05-04 00:00:00
ATM1017,HDFC Bank,Bandra Branch,Mumbai,Bandra,Onsite,18.96546,72.89784,2023-01-12 00:00:00
ATM1018,HDFC Bank,Powai Branch,Mumbai,Powai,Onsite,19.12574,72.91363,2024-06-26 00:00:00
ATM1019,HDFC Bank,Thane Branch,Mumbai,Thane,Offsite,19.05073,72.91334,2024-09-03 00:00:00
ATM1020,HDFC Bank,Dadar Branch,Mumbai,Dadar,Offsite,19.08992,72.82694,2021-10-17 00:00:00
ATM1021,HDFC Bank,Dwarka Branch,Delhi,Dwarka,Offsite,28.60977,77.23859,2023-01-27 00:00:00
ATM1022,HDFC Bank,Rohini Branch,Delhi,Rohini,Onsite,28.62194,77.21253,2022-10-20 00:00:00
ATM1023,HDFC Bank,Saket Branch,Delhi,Saket,Offsite,28.60641,77.1995,2022-01-09 00:00:00
ATM1024,HDFC Bank,Noida Branch,Delhi,Noida,Onsite,28.64912,77.16148,2021-07-28 00:00:00
ATM1025,HDFC Bank,Lajpat Nagar Branch,Delhi,Lajpat Nagar,Onsite,28.54548,77.16518,2022-09-10 00:00:00
ATM1026,HDFC Bank,Velachery Branch,Chennai,Velachery,Offsite,13.10986,80.21822,2021-04-25 00:00:00
ATM1027,HDFC Bank,T Nagar Branch,Chennai,T Nagar,Onsite,13.01142,80.22872,2022-12-04 00:00:00
ATM1028,HDFC Bank,Anna Nagar Branch,Chennai,Anna Nagar,Onsite,13.1323,80.17204,2023-06-10 00:00:00
ATM1029,HDFC Bank,Adyar Branch,Chennai,Adyar,Offsite,13.02299,80.19769,2023-07-01 00:00:00
ATM1030,HDFC Bank,Guindy Branch,Chennai,Guindy,Offsite,13.04758,80.19232,2023-11-27 00:00:00
ATM1031,HDFC Bank,Tambaram Branch,Chennai,Tambaram,Offsite,13.0401,80.33519,2023-06-25 00:00:00
ATM1032,HDFC Bank,Porur Branch,Chennai,Porur,Offsite,13.07801,80.2123,2022-05-06 00:00:00
ATM1033,HDFC Bank,OMR Branch,Chennai,OMR,Offsite,13.01496,80.21337,2021-08-06 00:00:00
ATM1034,HDFC Bank,Perambur Branch,Chennai,Perambur,Offsite,13.06376,80.19673,2022-01-07 00:00:00
ATM1035,HDFC Bank,Chromepet Branch,Chennai,Chromepet,Onsite,13.04642,80.23584,2024-02-27 00:00:00
ATM1036,HDFC Bank,Whitefield Branch,Bengaluru,Whitefield,Onsite,12.96898,77.59542,2023-12-06 00:00:00
ATM1037,HDFC Bank,Koramangala Branch,Bengaluru,Koramangala,Offsite,12.97637,77.64741,2021-06-09 00:00:00
ATM1038,HDFC Bank,Indiranagar Branch,Bengaluru,Indiranagar,Offsite,13.01315,77.67496,2022-04-28 00:00:00
ATM1039,HDFC Bank,HSR Layout Branch,Bengaluru,HSR Layout,Onsite,12.99968,77.57558,2021-05-17 00:00:00
ATM1040,HDFC Bank,Yelahanka Branch,Bengaluru,Yelahanka,Offsite,12.96942,77.59515,2023-07-15 00:00:00
ATM1041,HDFC Bank,Andheri Branch,Mumbai,Andheri,Onsite,19.10361,72.8674,2021-04-17 00:00:00
ATM1042,HDFC Bank,Bandra Branch,Mumbai,Bandra,Offsite,19.03249,72.87172,2022-02-06 00:00:00
ATM1043,HDFC Bank,Powai Branch,Mumbai,Powai,Onsite,19.11296,72.89422,2023-05-19 00:00:00
ATM1044,HDFC Bank,Thane Branch,Mumbai,Thane,Offsite,19.06336,72.88502,2023-11-29 00:00:00
ATM1045,HDFC Bank,Dadar Branch,Mumbai,Dadar,Onsite,19.10684,72.86065,2024-04-06 00:00:00
ATM1046,HDFC Bank,Dwarka Branch,Delhi,Dwarka,Onsite,28.59624,77.22512,2022-11-29 00:00:00
ATM1047,HDFC Bank,Rohini Branch,Delhi,Rohini,Offsite,28.60948,77.17436,2022-10-19 00:00:00
ATM1048,HDFC Bank,Saket Branch,Delhi,Saket,Offsite,28.63124,77.21518,2022-12-23 00:00:00
ATM1049,HDFC Bank,Noida Branch,Delhi,Noida,Onsite,28.62992,77.21364,2024-01-19 00:00:00
ATM1050,HDFC Bank,Lajpat Nagar Branch,Delhi,Lajpat Nagar,Offsite,28.58762,77.19256,2022-05-22 00:00:00
